{
  "project_info": {
    "project_number": "822005903010",
    "project_id": "prueba-messaging-51eaa",
    "storage_bucket": "prueba-messaging-51eaa.firebasestorage.app"
  },
  "client": [
    {
      "client_info": {
        "mobilesdk_app_id": "1:822005903010:android:c11d1cd9a1e038efc371fb",
        "android_client_info": {
          "package_name": "com.google.samples.quickstart.config"
        }
      },
      "oauth_client": [],
      "api_key": [
        {
          "current_key": "AIzaSyAl23mWbwJLpou-N-ApNcQY-fqWN_YYTkw"
        }
      ],
      "services": {
        "appinvite_service": {
          "other_platform_oauth_client": []
        }
      }
    }
  ],
  "configuration_version": "1"
}